{
  "training_config": {
    "samples": 1000,
    "validation_split": 0.2,
    "model_path": null,
    "use_existing_data": false,
    "log_level": "INFO",
    "export_results": "experiments/experiment_20250708_013005/training_results.json"
  },
  "training_results": {
    "profitability_accuracy": 0.54375,
    "profitability_precision": 0.5413722826086957,
    "profitability_recall": 0.54375,
    "profitability_f1": 0.5420326676968183,
    "profit_mse": 1474.9509722125808,
    "profit_rmse": 38.40509044661373,
    "risk_accuracy": 0.55,
    "cv_mean_accuracy": 0.56875,
    "cv_std_accuracy": 0.01939011507186071,
    "feature_importance": {
      "buy_exchange_encoded": 0.042613875231053214,
      "buy_price": 0.10314783401691946,
      "current_balance_usdt": 0.10961788406976809,
      "day_of_week": 0.0,
      "estimated_buy_fee_percentage": 0.03017580464179335,
      "estimated_sell_fee_percentage": 0.03324341490595416,
      "hour_of_day": 0.0,
      "investment_to_balance_ratio": 0.10060913607762617,
      "investment_usdt": 0.10915174510405902,
      "is_btc": 0.004323927794586039,
      "is_eth": 0.007149069523205429,
      "is_popular_currency": 0.010292289206759196,
      "price_difference_percentage": 0.12805514347226457,
      "price_ratio": 0.11887482005907202,
      "sell_exchange_encoded": 0.04775655102906091,
      "sell_price": 0.10146636672467914,
      "total_estimated_fees": 0.05352213814319909
    },
    "validation": {
      "accuracy": 0.505,
      "total_samples": 200,
      "correct_predictions": 101,
      "profit_prediction_error": 172.1291979771843,
      "predicted_total_profit": -365.90778852115096,
      "actual_total_profit": -193.77859054396666
    }
  },
  "model_info": {
    "is_trained": true,
    "feature_count": 17,
    "feature_names": [
      "buy_exchange_encoded",
      "buy_price",
      "current_balance_usdt",
      "day_of_week",
      "estimated_buy_fee_percentage",
      "estimated_sell_fee_percentage",
      "hour_of_day",
      "investment_to_balance_ratio",
      "investment_usdt",
      "is_btc",
      "is_eth",
      "is_popular_currency",
      "price_difference_percentage",
      "price_ratio",
      "sell_exchange_encoded",
      "sell_price",
      "total_estimated_fees"
    ],
    "training_history": {
      "last_training": "2025-07-08T06:32:05.273590+00:00",
      "training_samples": 800,
      "results": {
        "profitability_accuracy": 0.54375,
        "profitability_precision": 0.5413722826086957,
        "profitability_recall": 0.54375,
        "profitability_f1": 0.5420326676968183,
        "profit_mse": 1474.9509722125808,
        "profit_rmse": 38.40509044661373,
        "risk_accuracy": 0.55,
        "cv_mean_accuracy": 0.56875,
        "cv_std_accuracy": 0.01939011507186071,
        "feature_importance": {
          "buy_exchange_encoded": 0.042613875231053214,
          "buy_price": 0.10314783401691946,
          "current_balance_usdt": 0.10961788406976809,
          "day_of_week": 0.0,
          "estimated_buy_fee_percentage": 0.03017580464179335,
          "estimated_sell_fee_percentage": 0.03324341490595416,
          "hour_of_day": 0.0,
          "investment_to_balance_ratio": 0.10060913607762617,
          "investment_usdt": 0.10915174510405902,
          "is_btc": 0.004323927794586039,
          "is_eth": 0.007149069523205429,
          "is_popular_currency": 0.010292289206759196,
          "price_difference_percentage": 0.12805514347226457,
          "price_ratio": 0.11887482005907202,
          "sell_exchange_encoded": 0.04775655102906091,
          "sell_price": 0.10146636672467914,
          "total_estimated_fees": 0.05352213814319909
        },
        "validation": {
          "accuracy": 0.505,
          "total_samples": 200,
          "correct_predictions": 101,
          "profit_prediction_error": 172.1291979771843,
          "predicted_total_profit": -365.90778852115096,
          "actual_total_profit": -193.77859054396666
        }
      }
    },
    "confidence_threshold": 0.7,
    "model_path": "models/arbitrage_model.pkl"
  },
  "timestamp": "2025-07-08T01:32:09.122943"
}